Donor ID,DRB1,DRB1,DRB3/4/5,DRB3/4/5,DQA1,DQA1,DQB1,DQB1,DPA1,DPA1,DPB1,DPB1
TCA-001,DRB1*12:01,DRB1*15:03,DRB3*01:01,DRB5*01:01,DQA1*01:01,DQA1*01:02,DQB1*05:01,DQB1*06:02,DPA1*02:01,DPA1*02:02,DPB1*01:01,DPB1*13:01
TCA-002,DRB1*13:01,DRB1*15:01,DRB3*02:02,DRB3*02:02,DQA1*01:02,DQA1*01:03,DQB1*06:02,DQB1*06:04,DPA1*01:03,DPA1*02:01,DPB1*04:01,DPB1*11:01
TCA-003,DRB1*03:01,DRB1*07:01,DRB3*02:02,DRB4*01:03,DQA1*02:01,DQA1*05:01,DQB1*02:01,DQB1*05:03,DPA1*01:03,DPA1*02:01,DPB1*13:01,DPB1*17:01
TCA-004,DRB1*11:01,DRB1*15:03,DRB3*02:02,DRB5*01:01,DQA1*01:02,DQA1*05:05,DQB1*06:02,DQB1*06:02,DPA1*01:03,DPA1*03:01,DPB1*03:01,DPB1*105:01
TCA-005,DRB1*01:01,DRB1*07:01,DRB3*02:02,DRB4*01:03,DQA1*02:01,DQA1*05:01,DQB1*03:02,DQB1*03:02,DPA1*01:03,DPA1*02:01,DPB1*01:01,DPB1*17:01
TCA-006,DRB1*07:01,DRB1*15:03,DRB4*01:03,DRB5*01:01,DQA1*01:02,DQA1*02:01,DQB1*02:02,DQB1*06:02,DPA1*01:03,DPA1*02:01,DPB1*01:01,DPB1*02:01
TCA-007,DRB1*07:01,DRB1*13:02,DRB3*03:01,DRB4*01:03,DQA1*01:02,DQA1*02:01,DQB1*02:02,DQB1*06:09,DPA1*01:03,DPA1*02:01,DPB1*04:01,DPB1*04:01
TCA-008,DRB1*12:01,DRB1*15:03,DRB3*01:01,DRB5*01:01,DQA1*01:01,DQA1*01:02,DQB1*05:01,DQB1*06:02,DPA1*01:03,DPA1*03:01,DPB1*18:01,DPB1*105:01
TCA-009,DRB1*11:02,DRB1*13:02,DRB3*02:02,DRB3*03:01,DQA1*01:02,DQA1*05:05,DQB1*03:19,DQB1*06:09,DPA1*01:03,DPA1*01:03,DPB1*02:01,DPB1*34:01
TCA-010,DRB1*08:04,DRB1*15:02,DRB5*01:02,,DQA1*01:03,DQA1*04:01,DQB1*03:19,DQB1*06:01,DPA1*02:01,DPA1*02:02,DPB1*01:01,DPB1*13:01
TCA-011,DRB1*11:01,DRB1*13:02,DRB3*02:02,DRB3*03:01,DQA1*01:02,DQA1*05:05,DQB1*06:09,DQB1*06:09,DPA1*01:03,DPA1*01:03,DPB1*02:01,DPB1*105:01
TCA-013,DRB1*03:02,DRB1*12:02,DRB3*01:01,DRB3*03:01,DQA1*04:01,DQA1*06:01,DQB1*03:01,DQB1*03:02,DPA1*01:03,DPA1*02:02,DPB1*01:01,DPB1*04:02
TCA-015,DRB1*03:01,DRB1*04:01,DRB3*01:01,DRB3*02:02,DQA1*02:01,DQA1*05:01,DQB1*02:01,DQB1*03:02,DPA1*01:03,DPA1*02:01,DPB1*01:01,DPB1*17:01
TCA-016,DRB1*04:01,DRB1*07:01,DRB4*01:03,DRB4*01:03,DQA1*02:01,DQA1*03:03,DQB1*02:02,DQB1*02:02,DPA1*01:03,DPA1*01:03,DPB1*04:01,DPB1*02:01
TCA-017,DRB1*01:01,DRB1*11:01,DRB3*03:01,,DQA1*01:02,DQA1*01:02,DQB1*05:01,DQB1*06:02,DPA1*01:03,DPA1*02:02,DPB1*01:01,DPB1*04:02
TCA-018,DRB1*04:01,DRB1*15:01,DRB4*01:01,DRB5*01:01,DQA1*02:01,DQA1*05:01,DQB1*06:02,DQB1*06:02,DPA1*01:03,DPA1*02:01,DPB1*01:01,DPB1*17:01
TCA-019,DRB1*03:01,DRB1*11:14,DRB3*02:02,DRB3*02:02,DQA1*05:01,DQA1*05:05,DQB1*02:01,DQB1*03:01,DPA1*02:01,DPA1*02:02,DPB1*01:01,DPB1*11:01
TCA-020,DRB1*03:01,DRB1*04:03,DRB3*02:02,DRB4*01:03,DQA1*03:01,DQA1*05:01,DQB1*02:01,DQB1*03:02,DPA1*01:03,DPA1*02:01,DPB1*04:01,DPB1*106:01
TCA-021,DRB1*03:02,DRB1*07:01,DRB3*01:01,DRB4*01:01,DQA1*03:03,DQA1*04:01,DQB1*02:02,DQB1*02:02,DPA1*01:03,DPA1*03:01,DPB1*04:01,DPB1*105:01
TCA-022,DRB1*03:01,DRB1*14:04,DRB3*01:01,DRB3*02:02,DQA1*02:01,DQA1*05:01,DQB1*02:01,DQB1*06:02,DPA1*01:03,DPA1*02:01,DPB1*01:01,DPB1*17:01
TCA-025,DRB1*04:05,DRB1*12:02,DRB3*02:02,DRB4*01:01,DQA1*01:02,DQA1*03:03,DQB1*03:02,DQB1*06:02,DPA1*01:03,DPA1*03:01,DPB1*18:01,DPB1*105:01
TCA-026,DRB1*04:04,DRB1*13:01,DRB3*02:02,DRB4*01:03,DQA1*02:01,DQA1*05:01,DQB1*06:02,DQB1*06:02,DPA1*01:03,DPA1*02:01,DPB1*01:01,DPB1*17:01
TCA-027,DRB1*03:02,DRB1*11:01,DRB3*01:01,DRB3*02:02,DQA1*05:01,DQA1*05:11,DQB1*02:02,DQB1*03:01,DPA1*02:01,DPA1*03:01,DPB1*13:01,DPB1*105:01
TCA-028,DRB1*03:01,DRB1*03:02,DRB3*01:01,DRB3*02:02,DQA1*04:01,DQA1*05:01,DQB1*02:01,DQB1*02:01,DPA1*01:03,DPA1*03:01,DPB1*02:01,DPB1*04:02
TCA-029,DRB1*03:01,DRB1*12:01,DRB3*01:01,DRB3*02:02,DQA1*02:01,DQA1*05:01,DQB1*05:01,DQB1*05:01,DPA1*01:03,DPA1*02:01,DPB1*18:01,DPB1*105:01
TCA-030,DRB1*01:02,DRB1*04:04,,DRB4*01:01,DQA1*02:01,DQA1*02:01,DQB1*02:02,DQB1*02:02,DPA1*01:03,DPA1*02:01,DPB1*04:01,DPB1*04:02
TCA-031,DRB1*11:01,DRB1*13:01,DRB3*02:02,DRB3*02:02,DQA1*01:02,DQA1*03:03,DQB1*03:03,DQB1*06:02,DPA1*01:03,DPA1*01:03,DPB1*04:01,DPB1*04:01
TCA-033,DRB1*03:01,DRB1*08:03,DRB3*02:02,,DQA1*05:01,DQA1*06:01,DQB1*02:01,DQB1*03:01,DPA1*01:03,DPA1*01:03,DPB1*03:01,DPB1*15:01
TCA-034,DRB1*04:01,DRB1*04:05,DRB4*01:03,DRB4*01:03,DQA1*03:01,DQA1*03:03,DQB1*03:02,DQB1*03:02,DPA1*01:03,DPA1*01:03,DPB1*04:01,DPB1*04:01
TCA-035,DRB1*04:04,DRB1*15:03,DRB4*01:01,DRB5*01:01,DQA1*02:01,DQA1*05:01,DQB1*06:02,DQB1*06:02,DPA1*01:03,DPA1*02:01,DPB1*04:01,DPB1*04:02
TCA-036,DRB1*04:05,DRB1*07:01,DRB4*01:03,DRB4*01:03,DQA1*01:03,DQA1*02:01,DQB1*02:02,DQB1*05:03,DPA1*01:03,DPA1*02:01,DPB1*04:02,DPB1*13:01
TCA-037,DRB1*14:04,DRB1*15:03,DRB3*02:02,DRB5*01:01,DQA1*01:01,DQA1*01:02,DQB1*05:01,DQB1*05:10,DPA1*01:03,DPA1*01:03,DPB1*16:01,DPB1*18:01
TCA-038,DRB1*13:01,DRB1*13:01,DRB3*03:01,DRB3*03:01,DQA1*01:02,DQA1*01:03,DQB1*06:03,DQB1*06:09,DPA1*01:03,DPA1*02:01,DPB1*02:01,DPB1*05:01
TCA-039,DRB1*04:04,DRB1*13:03,DRB3*03:01,DRB4*01:01,DQA1*03:03,DQA1*05:05,DQB1*03:01,DQB1*03:01,DPA1*01:03,DPA1*02:01,DPB1*04:01,DPB1*17:01
TCA-040,DRB1*01:02,DRB1*15:02,DRB5*01:02,,DQA1*01:01,DQA1*01:03,DQB1*05:01,DQB1*06:01,DPA1*01:03,DPA1*02:01,DPB1*09:01,DPB1*13:01
TCA-041,DRB1*01:02,DRB1*15:02,DRB5*01:02,,DQA1*01:01,DQA1*01:03,DQB1*05:01,DQB1*06:01,DPA1*01:03,DPA1*02:01,DPB1*09:01,DPB1*13:01
TCA-044,DRB1*03:01,DRB1*04:01,DRB3*02:02,DRB4*01:01,DQA1*03:03,DQA1*05:01,DQB1*02:01,DQB1*02:01,DPA1*01:04,DPA1*02:02,DPB1*15:01,DPB1*105:01
TCA-046,DRB1*04:01,DRB1*04:05,DRB4*01:01,DRB4*01:03,DQA1*03:03,DQA1*03:03,DQB1*03:01,DQB1*03:02,DPA1*01:03,DPA1*02:02,DPB1*04:01,DPB1*04:02
TCA-047,DRB1*03:01,DRB1*11:01,DRB3*02:02,DRB3*02:02,DQA1*05:01,DQA1*05:05,DQB1*02:01,DQB1*03:19,DPA1*02:02,DPA1*04:01,DPB1*01:01,DPB1*105:01
TCA-048,DRB1*03:01,DRB1*04:01,DRB3*02:02,DRB4*01:01,DQA1*03:03,DQA1*05:01,DQB1*02:01,DQB1*03:02,DPA1*01:12,DPA1*02:02,DPB1*01:01,DPB1*34:01
TCA-049,DRB1*11:02,DRB1*12:02,DRB3*01:01,DRB3*03:01,DQA1*01:02,DQA1*05:05,DQB1*03:01,DQB1*06:02,DPA1*02:01,DPA1*04:01,DPB1*13:01,DPB1*105:01
TCA-050,DRB1*03:02,DRB1*15:02,DRB3*01:01,DRB5*01:01,DQA1*01:03,DQA1*04:01,DQB1*04:02,DQB1*06:01,DPA1*02:01,DPA1*03:01,DPB1*09:01,DPB1*105:01
TCA-052,DRB1*03:02,DRB1*04:01,DRB3*01:01,DRB4*01:01,DQA1*03:03,DQA1*04:01,DQB1*03:02,DQB1*04:02,DPA1*02:02,DPA1*02:02,DPB1*01:01,DPB1*105:01
TCA-054,DRB1*07:01,DRB1*07:01,DRB4*01:01,DRB4*01:03,DQA1*02:01,DQA1*03:03,DQB1*02:02,DQB1*02:02,DPA1*01:03,DPA1*02:01,DPB1*02:01,DPB1*47:01
TCA-055,DRB1*03:01,DRB1*07:01,DRB3*02:02,DRB4*01:01,DQA1*02:01,DQA1*05:01,DQB1*02:01,DQB1*02:02,DPA1*03:01,DPA1*04:01,DPB1*04:01,DPB1*04:02
TCA-056,DRB1*04:01,DRB1*07:01,DRB4*01:01,DRB4*01:03,DQA1*02:01,DQA1*03:03,DQB1*02:02,DQB1*03:02,DPA1*01:03,DPA1*01:03,DPB1*01:01,DPB1*04:01
TCA-058,DRB1*03:01,DRB1*15:01,DRB3*02:02,DRB5*01:01,DQA1*01:02,DQA1*05:05,DQB1*06:02,DQB1*06:02,DPA1*01:03,DPA1*02:02,DPB1*02:01,DPB1*16:01
TCA-059,DRB1*04:01,DRB1*07:01,DRB4*01:01,DRB4*01:01,DQA1*03:03,DQA1*03:03,DQB1*02:02,DQB1*03:02,DPA1*02:02,DPA1*03:01,DPB1*01:01,DPB1*105:01
TCA-060,DRB1*04:01,DRB1*13:01,DRB3*01:01,DRB4*01:01,DQA1*02:01,DQA1*05:01,DQB1*03:02,DQB1*06:03,DPA1*01:03,DPA1*02:01,DPB1*04:01,DPB1*16:01
TCA-061,DRB1*12:02,DRB1*13:01,DRB3*03:01,DRB3*02:02,DQA1*01:03,DQA1*06:01,DQB1*03:01,DQB1*06:03,DPA1*01:03,DPA1*04:01,DPB1*18:01,DPB1*28:01
TCA-062,DRB1*11:14,DRB1*15:03,DRB3*02:02,DRB5*01:01,DQA1*01:02,DQA1*05:05,DQB1*06:02,DQB1*06:02,DPA1*01:03,DPA1*03:01,DPB1*34:01,DPB1*105:01
TCA-063,DRB1*13:01,DRB1*15:01,DRB3*01:01,DRB3*01:01,DQA1*01:02,DQA1*01:03,DQB1*06:03,DQB1*06:03,DPA1*02:02,DPA1*03:01,DPB1*01:01,DPB1*105:01
TCA-064,DRB1*03:02,DRB1*03:02,DRB3*01:01,DRB3*01:01,DQA1*04:01,DQA1*04:01,DQB1*04:02,DQB1*04:02,DPA1*02:02,DPA1*02:02,DPB1*01:01,DPB1*01:01
TCA-065,DRB1*01:01,DRB1*04:01,DRB4*01:01,DRB4*01:01,DQA1*01:01,DQA1*03:03,DQB1*03:02,DQB1*05:01,DPA1*01:03,DPA1*02:01,DPB1*02:01,DPB1*09:01
TCA-066,DRB1*04:05,DRB1*11:01,DRB3*02:02,DRB4*01:03,DQA1*01:02,DQA1*03:03,DQB1*03:02,DQB1*06:02,DPA1*01:03,DPA1*02:01,DPB1*04:01,DPB1*11:01
TCA-067,DRB1*13:03,DRB1*13:01,DRB3*02:02,DRB3*02:02,DQA1*01:02,DQA1*04:01,DQB1*02:02,DQB1*06:02,DPA1*01:03,DPA1*02:01,DPB1*02:01,DPB1*106:01
TCA-068,DRB1*03:01,DRB1*15:01,DRB3*02:02,DRB5*01:01,DQA1*01:02,DQA1*05:01,DQB1*02:01,DQB1*06:01,DPA1*01:03,DPA1*02:02,DPB1*01:01,DPB1*105:01
TCA-069,DRB1*01:01,DRB1*12:01,,DRB3*03:01,DQA1*01:01,DQA1*05:05,DQB1*04:02,DQB1*06:09,DPA1*01:03,DPA1*01:04,DPB1*02:01,DPB1*105:01
TCA-070,DRB1*01:01,DRB1*12:01,,DRB3*02:02,DQA1*05:01,DQA1*05:05,DQB1*05:01,DQB1*05:01,DPA1*01:03,DPA1*01:03,DPB1*18:01,DPB1*144:01
TCA-072,DRB1*04:01,DRB1*14:04,DRB3*02:02,DRB4*01:01,DQA1*01:04,DQA1*03:03,DQB1*03:02,DQB1*05:03,DPA1*01:03,DPA1*01:03,DPB1*04:01,DPB1*04:01
TCA-073,DRB1*04:04,DRB1*10:01,DRB3*02:02,DRB4*01:03,DQA1*02:01,DQA1*05:01,DQB1*05:01,DQB1*05:08,DPA1*01:03,DPA1*02:02,DPB1*01:01,DPB1*131:01
TCA-074,DRB1*04:01,DRB1*13:03,DRB3*01:01,DRB4*01:01,DQA1*01:02,DQA1*05:05,DQB1*03:01,DQB1*03:02,DPA1*02:01,DPA1*03:01,DPB1*14:01,DPB1*105:01
TCA-075,DRB1*12:01,DRB1*15:03,DRB3*01:01,DRB5*01:01,DQA1*01:02,DQA1*05:09,DQB1*03:01,DQB1*06:02,DPA1*01:03,DPA1*02:02,DPB1*04:01,DPB1*105:01
