name,sequence,responders,SFC,dataset
Rv0124,AQIYQAVSAQAAAIH,2,73,s2
Rv0129c,PSPSMGRDIKVQFQS,3,140,s2
Rv0256c,AVLVATNFFGINTIP,6,455,s2
Rv0280,GINTIPIAINEAEYV,7,1346,s2
Rv0288,AAFQGAHARFVAAAA,12,1355,s2
Rv0288,AAGTYVAADAAAAST,4,315,s2
Rv0288,MSQIMYNYPAMMAHA,10,1495,s2
Rv0288,EDLVRAYHAMSSTHE,6,903,s2
Rv0288,LQSLGAEIAVEQAAL,2,265,s2
Rv1047,AGWLAFFRDLVARGL,2,52,s2
Rv1047,ASIIRLVGAVLAEQH,2,155,s2
Rv1172c,ALSRVQSMFLGTGGS,2,142,s2
Rv1172c,MSFVTTQPEALAAAA,6,640,s2
Rv1195,MHVSFVMAYPEMLAA,4,637,s2
Rv1195,SSYAATEVANAAAGQ,3,372,s2
Rv1196,LGGLWTAVSPHLSPL,2,210,s2
Rv1196,RSPISNMVSMANNHM,2,108,s2
Rv1705c,FFGQNTAAIAATEAQ,4,551,s2
Rv1886c,AGCQTYKWETFLTSE,3,76,s2
Rv1908c,WTNTPTKWDNSFLEI,2,165,s2
Rv1926c,VALAAYPITGKLGSE,2,133,s2
Rv2031c,AYGSFVRTVSLPVGA,5,273,s2
Rv2770c,LPPEVNSARMYGGAG,6,600,s2
Rv3024c,AEKFKEDVINDFVSS,2,100,s2
Rv3025c,ILPIAEMSVVAMEFG,5,287,s2
Rv3136,LLGQNTAAIAAIEAQ,4,520,s2
Rv3330,LENDNQLLYNYPGAL,6,306,s2
Rv3330,MAFLRSVSCLAAAVF,2,75,s2
Rv3615c,LRIAAKIYSEADEAW,14,1860,s2
Rv3873,APLAQEREEDDEDDW,4,210,s2
Rv3874,QAAVVRFQEAANKQK,18,2481,s2
Rv3874,ISTNIRQAGVQYSRA,18,4035,s2
Rv3874,QGQWRGAAGTAAQAA,3,95,s2
Rv3875,EQQWNFAGIEAAASA,19,1426,s2
Rv3875,IQGNVTSIHSLLDEG,8,942,s2
Rv3875,ARTISEAGQAMASTE,8,612,s2
Rv3875,ELNNALQNLARTISE,4,932,s2
Rv3876,RQSGATIADVLAEKE,2,87,s2
Rv0288,MSQIMYNYPAMLGHA ,12,2461,s1
Rv0288,SAWQGDTGITYQAWQ,10,1215,s1
Rv0288,HEANTMAMMARDTAE,10,920,s1
Rv0288,YAGTLQSLGAEIAVE,5,958,s1
Rv0288,VRAYHAMSSTHEANT,5,868,s1
Rv0288,YQAWQAQWNQAMEDL,2,63,s1
Rv3619c,DAHGAMIRAQAGSLE,13,1773,s1
Rv3619c,MTINYQFGDVDAHGA,3,471,s1
Rv3619c,FQVIYEQANAHGQKV,3,221,s1
Rv3619c,HGQKVQAAGNNMAQT,3,552,s1
Rv3620c,MTSRFMTDPHAMRDM,4,633,s1
Rv3620c,VEDEARRMWASAQNI,2,268,s1
Rv3620c,ATSLDTMTQMNQAFR,2,65,s1
Rv3620c,NIVNMLHGVRDGLVR,2,307,s1
Rv3874,EISTNIRQAGVQYSR,19,3753,s1
Rv3874,AQAAVVRFQEAANKQ,12,1527,s1
Rv3874,GQWRGAAGTAAQAAV,5,167,s1
Rv3874,ADEEQQQALSSQMGF,4,280,s1
Rv3874,KTQIDQVESTAGSLQ,3,466,s1
Rv3874,GNFERISGDLKTQID,2,243,s1
Rv3875,MTEQQWNFAGIEAAA,8,356,s1
Rv3875,NLARTISEAGQAMAS,8,643,s1
Rv3875,SAIQGNVTSIHSLLD,4,295,s1
Rv3875,EGKQSLTKLAAAWGG,4,165,s1
Rv3875,YQGVQQKWDATATEL,3,777,s1
Rv0125,VAQVGPQVVNINTKL ,3,387,s1
Rv1886c,AGSLSALLDPSQGMG,3,722,s1
Rv3804c,VPSPSMGRDIKVQFQ,2,97,s1
Rv1196,ALPPEINSARMYAGP,6,525,s1
Rv1196,TPAIAVNEAEYGEMW,6,1798,s1
Rv1196,VPPPVIAENRAELMI,4,533,s1
Rv1196,LIATNLLGQNTPAIA,4,341,s1
Rv1196,VAAAQMWDSVASDLF,3,125,s1
Rv1196,MVAAASPYVAWMSVT,3,385,s1
Rv1196,YGEMWAQDAAAMFGY,3,183,s1
Rv1196,AAVEEASDTAAANQL,2,66,s1
Rv2608,LPPEVNSARIFAGAG,2,400,s1
